name,part_url,price,amount
ARCTIC MX-6,https://pcpartpicker.com/product/k2pzK8/arctic-mx-6-4-g-thermal-paste-actcp00080a,10.99,4
Prolimatech PK-Zero,https://pcpartpicker.com/product/9skwrH/prolimatech-thermal-paste-propkzero600g,206.9,600
Arctic Silver 5 High-Density Polysynthetic Silver,https://pcpartpicker.com/product/6RrG3C/arctic-silver-thermal-paste-as535g,11.25,3.5
Thermal Grizzly Kryonaut,https://pcpartpicker.com/product/XHqbt6/thermal-grizzly-kryonaut-1-g-thermal-paste-tg-k-001-rs,8.99,1
Thermal Grizzly Kryonaut Extreme,https://pcpartpicker.com/product/J7Tp99/thermal-grizzly-kryonaut-extreme-2-g-thermal-paste-tg-ke-002-r,21.99,2
ARCTIC MX-4 (2019),https://pcpartpicker.com/product/JmYLrH/arctic-mx-4-2019-4-g-thermal-paste-actcp00002b,6.49,4
Corsair TM30,https://pcpartpicker.com/product/dfzkcf/corsair-tm30-thermal-paste-ct-9010001-ww,7.73,3
Noctua NT-H2,https://pcpartpicker.com/product/XYndnQ/noctua-nt-h2-35-g-thermal-paste-nt-h2-35g,14.95,3.5
Thermal Grizzly Duronaut,https://pcpartpicker.com/product/q7RnTW/thermal-grizzly-duronaut-2-g-thermal-paste-tg-d-002-r,9.99,2
Thermal Grizzly Duronaut,https://pcpartpicker.com/product/KGPv6h/thermal-grizzly-duronaut-6-g-thermal-paste-tg-d-006-r,19.98,6
Corsair XTM70,https://pcpartpicker.com/product/rhWzK8/corsair-xtm70-3-g-thermal-paste-ct-9010010-ww,26.09,3
Thermal Grizzly Kryonaut Extreme,https://pcpartpicker.com/product/NLRwrH/thermal-grizzly-kryonaut-extreme-3384-g-thermal-paste-tg-ke-090-r-2,109.99,33.84
Noctua NT-H1,https://pcpartpicker.com/product/sX4gXL/noctua-thermal-paste-nth1,9.94,3.5
Thermal Grizzly Polartherm X-8,https://pcpartpicker.com/product/qymNnQ/thermal-grizzly-polartherm-x-8-2-g-thermal-paste-pt-x8-002,5.49,2
ARCTIC MX-6,https://pcpartpicker.com/product/r46p99/arctic-mx-6-8-g-thermal-paste-actcp00081a,10.28,8
ARCTIC MX-6,https://pcpartpicker.com/product/x8LFf7/arctic-mx-6-2-g-thermal-paste-actcp00079a,10.49,2
Noctua NT-H2,https://pcpartpicker.com/product/hmYLrH/noctua-nt-h2-10-g-thermal-paste-nt-h2-10g,38.97,10
Thermal Grizzly Conductonaut Extreme,https://pcpartpicker.com/product/fXGhP6/thermal-grizzly-conductonaut-extreme-5-g-thermal-paste-s-tg-ce-005-r,49.99,5
Thermalright TF7,https://pcpartpicker.com/product/96BzK8/thermalright-tf7-2-g-thermal-paste-tf7-2g,,2
Thermal Grizzly Kryonaut,https://pcpartpicker.com/product/CRkwrH/thermal-grizzly-thermal-paste-tgk015r,21.99,5.5
Corsair XTM50,https://pcpartpicker.com/product/QP3mP6/corsair-xtm50-5-g-thermal-paste-ct-9010002-ww,16.69,5
ARCTIC MX-4 w/ Spatula,https://pcpartpicker.com/product/gCpQzy/arctic-mx-4-w-spatula-4-g-thermal-paste-actcp00031b,,4
Thermal Grizzly Conductonaut Extreme,https://pcpartpicker.com/product/4HDQzy/thermal-grizzly-conductonaut-extreme-1-g-thermal-paste-s-tg-ce-001-r,23.98,1
Asus ROG RG-07,https://pcpartpicker.com/product/md4Zxr/asus-rog-rg-07-3-g-thermal-paste-rog-rg-07,8.99,3
Arctic Silver Ceramique 2 Tri-Linear,https://pcpartpicker.com/product/NqCwrH/arctic-silver-thermal-paste-cmq227g,7.75,2.7
ARCTIC MX-4,https://pcpartpicker.com/product/HBXfrH/arctic-mx-4-4-g-thermal-paste-ac-mx4,,4
Arctic Silver 5 High-Density Polysynthetic Silver,https://pcpartpicker.com/product/zN8Zxr/arctic-silver-thermal-paste-as512g,38.99,12
Thermal Hero QUANTUM,https://pcpartpicker.com/product/HNsMnQ/thermal-hero-quantum-50-g-thermal-paste-th-501750-us,102.81,50
ID-COOLING Frost X45,https://pcpartpicker.com/product/HL9nTW/id-cooling-frost-x45-2-g-thermal-paste-frost-x45-2g,6.99,2
Thermal Grizzly Kryonaut,https://pcpartpicker.com/product/NPkWGX/thermal-grizzly-kryonaut-111-g-thermal-paste-tg-k-030-r,33.99,11.1
Asus ROG RG-07 KIT,https://pcpartpicker.com/product/VqKscf/asus-rog-rg-07-kit-3-g-thermal-paste-rog-rg-07-kit,20.99,3
ARCTIC MX-4 w/ Spatula,https://pcpartpicker.com/product/qwtLrH/arctic-mx-4-w-spatula-8-g-thermal-paste-actcp00059a,7.49,8
Thermal Grizzly Aeronaut,https://pcpartpicker.com/product/w4nG3C/thermal-grizzly-thermal-paste-tga015r,10.7,3.9
KINGPINcooling KPx,https://pcpartpicker.com/product/g4YRsY/kingpincooling-kpx-1-g-thermal-paste-kpx-1g-002,9.02,1
Thermal Grizzly Hydronaut,https://pcpartpicker.com/product/DRkwrH/thermal-grizzly-thermal-paste-tgh015r,11.9,3.9
ARCTIC MX-4 (2019),https://pcpartpicker.com/product/Jy4Ycf/arctic-mx-4-2019-45-g-thermal-paste-actcp00024a,19.98,45
KINGPINcooling KPx,https://pcpartpicker.com/product/qQcgXL/kingpincooling-kpx-30-g-thermal-paste-kpx-30g-002,72,30
Cooler Master CryoFuze Violet,https://pcpartpicker.com/product/kyJgXL/cooler-master-cryofuze-violet-2-g-thermal-paste-mgy-nosg-n07m-r1,,2
Thermalright TF9,https://pcpartpicker.com/product/djvD4D/thermalright-tf9-15-g-thermal-paste-tf9-15g,7.88,1.5
ARCTIC MX-2,https://pcpartpicker.com/product/3wLypg/arctic-mx-2-4-g-thermal-paste-mx-2r,,4
Thermal Grizzly Conductonaut,https://pcpartpicker.com/product/9PkwrH/thermal-grizzly-conductonaut-1g-thermal-paste-tg-c-001-r,12.99,1
Thermalright TF9,https://pcpartpicker.com/product/Py88TW/thermalright-tf9-29-g-thermal-paste-tf9-29g,6.09,2.9
Thermal Grizzly Polartherm X-8,https://pcpartpicker.com/product/KgdG3C/thermal-grizzly-polartherm-x-8-5-g-thermal-paste-pt-x8-005,4.99,5
Thermal Hero METALLIQ,https://pcpartpicker.com/product/gLpD4D/thermal-hero-metalliq-5-g-thermal-paste-th-108005-us,55.18,5
Prolimatech PK-3 Nano Aluminum High-Grade,https://pcpartpicker.com/product/Q6Gkcf/prolimatech-thermal-paste-propk330g,,30
be quiet! DC2,https://pcpartpicker.com/product/vfzXsY/be-quiet-dc2-3-g-thermal-paste-bz004,6.9,3
ID-COOLING Frost X45,https://pcpartpicker.com/product/pJy8TW/id-cooling-frost-x45-4-g-thermal-paste-frost-x45-4g,7.99,4
Cooler Master HTK-002,https://pcpartpicker.com/product/hgvRsY/cooler-master-thermal-paste-htk002u1,,0.01
Gelid Solutions GC-Extreme,https://pcpartpicker.com/product/tgvRsY/gelid-solutions-thermal-paste-gcextreme,8.99,3.5
Thermal Grizzly Polartherm X-10,https://pcpartpicker.com/product/3X9wrH/thermal-grizzly-polartherm-x-10-2-g-thermal-paste-pt-x10-002,5.49,2
ARCTIC MX-5,https://pcpartpicker.com/product/6skWGX/arctic-mx-5-4-g-thermal-paste-actcp00053a,,4
KINGPINcooling KPx,https://pcpartpicker.com/product/tRYRsY/kingpincooling-kpx-10-g-thermal-paste-kpx-10g-002,30.14,10
ARCTIC MX-4,https://pcpartpicker.com/product/gBbCmG/arctic-mx-4-20-g-thermal-paste-actcp00001b,13.99,20
Thermal Grizzly Polartherm X-10,https://pcpartpicker.com/product/R8RwrH/thermal-grizzly-polartherm-x-10-5-g-thermal-paste-pt-x10-005,10.99,5
Zalman STC9,https://pcpartpicker.com/product/JfzXsY/zalman-stc9-4-g-thermal-paste-zm-stc9,,4
Thermal Hero ULTRA with paste gun,https://pcpartpicker.com/product/yfVfrH/thermal-hero-ultra-with-paste-gun-50-g-thermal-paste-th-301350g-us,86.01,50
ARCTIC MX-4 (2019),https://pcpartpicker.com/product/YbfFf7/arctic-mx-4-2019-8-g-thermal-paste-actcp00008b,7.99,8
Thermal Grizzly Polartherm X-8,https://pcpartpicker.com/product/Q9qrxr/thermal-grizzly-polartherm-x-8-10-g-thermal-paste-pt-x8-010,7.99,10
Cooler Master IC ESSENTIAL E2,https://pcpartpicker.com/product/TLFbt6/cooler-master-ic-essential-e2-35-g-thermal-paste-rg-ice2-ta15-r1,,3.5
Cooler Master CryoFuze,https://pcpartpicker.com/product/Kkstt6/cooler-master-cryofuze-2-g-thermal-paste-mgz-ndsg-n07m-r2,7.99,2
be quiet! C2 Pro,https://pcpartpicker.com/product/Xb9wrH/be-quiet-c2-pro-1-g-thermal-paste-bz005,14.9,1
Prolimatech PK-Zero,https://pcpartpicker.com/product/RL2rxr/prolimatech-thermal-paste-propkzero300g,137.52,300
Prolimatech PK-3 Nano Aluminum High-Grade,https://pcpartpicker.com/product/h3Lypg/prolimatech-thermal-paste-propk315g,8.99,1.5
StarTech Metal Oxide,https://pcpartpicker.com/product/nL8Zxr/startech-thermal-paste-silvgrease1,9.99,1.5
Thermal Grizzly Polartherm X-8,https://pcpartpicker.com/product/Fh6NnQ/thermal-grizzly-polartherm-x-8-40-g-thermal-paste-pt-x8-040,19.98,40
Thermalright TF4,https://pcpartpicker.com/product/G3WJ7P/thermalright-tf4-15-g-thermal-paste-tf4-15g,,1.5
Thermal Hero QUANTUM,https://pcpartpicker.com/product/vVfV3C/thermal-hero-quantum-4-g-thermal-paste-th-501704-us,28.99,4
ARCTIC MX-4 (2019),https://pcpartpicker.com/product/khQcCJ/arctic-mx-4-2019-2-g-thermal-paste-actcp00007b,,2
Thermal Grizzly Polartherm X-10,https://pcpartpicker.com/product/7BfxFT/thermal-grizzly-polartherm-x-10-40-g-thermal-paste-pt-x10-040,28.99,40
Xilence ZUB-XPTP,https://pcpartpicker.com/product/cX6NnQ/xilence-zub-xptp-15-g-thermal-paste-xz018,11.15,1.5
Thermaltake TG-30,https://pcpartpicker.com/product/ZjmFf7/thermaltake-tg-30-4-g-thermal-paste-cl-o023-grosgm-a,8.99,4
StarTech HeatGrease,https://pcpartpicker.com/product/LPw323/startech-thermal-paste-heatgrease20,5.78,20
Sunbeam Iceberg TS-IB,https://pcpartpicker.com/product/W2h9TW/sunbeam-thermal-paste-tsib,,1
Deepcool Z5,https://pcpartpicker.com/product/tBQypg/deepcool-thermal-paste-z5,,3
Thermaltake CL-O002-GROSGM-A,https://pcpartpicker.com/product/J8W9TW/thermaltake-thermal-paste-clo002grosgma,16.99,40
Thermaltake CL-O004-GROSGM-A,https://pcpartpicker.com/product/8KX2FT/thermaltake-cl-o004-grosgm-a-4g-thermal-paste-cl-o004-grosgm-a,8.64,4
Thermal Hero NEO with paste gun,https://pcpartpicker.com/product/wVfV3C/thermal-hero-neo-with-paste-gun-50-g-thermal-paste-th-201250g-us,50.69,50
ARCTIC MX-4,https://pcpartpicker.com/product/tp7wrH/arctic-mx-4-20-g-thermal-paste-actc-mx4-20g,,20
Thermalright TFX,https://pcpartpicker.com/product/hbpmP6/thermalright-tfx-2-g-thermal-paste-tfx-2g,,2
Prolimatech PK-3 Nano Aluminum High-Grade,https://pcpartpicker.com/product/Fsdqqs/prolimatech-thermal-paste-propk35g,14.99,5
Thermal Grizzly Polartherm X-10,https://pcpartpicker.com/product/9LV2FT/thermal-grizzly-polartherm-x-10-10-g-thermal-paste-pt-x10-010,11.99,10
Prolimatech PK-1,https://pcpartpicker.com/product/hN8Zxr/prolimatech-thermal-paste-propk130g,51.5,30
Cooler Master MasterGel Maker,https://pcpartpicker.com/product/tQ6qqs/cooler-master-mastergel-maker-15-g-thermal-paste-mgz-ndsg-n15m-r2,,1.5
NZXT High-performance,https://pcpartpicker.com/product/zqZ9TW/nzxt-high-performance-15-g-thermal-paste-ba-tp015-01,,15
Deepcool DP-TIM-Z10-1,https://pcpartpicker.com/product/mqkH99/deepcool-dp-tim-z10-1-5-g-thermal-paste-dp-tim-z10-1,,5
Thermal Hero ULTRA,https://pcpartpicker.com/product/d62j4D/thermal-hero-ultra-50-g-thermal-paste-th-301350-us,74.49,50
EVGA Frostbite 2,https://pcpartpicker.com/product/CNTzK8/evga-frostbite-2-25-g-thermal-paste-400-tg-tm01-br,11.17,2.5
Thermal Hero QUANTUM,https://pcpartpicker.com/product/XHpD4D/thermal-hero-quantum-10-g-thermal-paste-th-501710-us,37.58,10
Cooler Master IceFusion,https://pcpartpicker.com/product/vWg323/cooler-master-thermal-paste-rgicfn200gb1,,200
ARCTIC MX-2,https://pcpartpicker.com/product/FZV48d/arctic-mx-2-65-g-thermal-paste-actc-mx2-65g,,65
Coollaboratory Liquid Pro,https://pcpartpicker.com/product/yR2kcf/coollaboratory-thermal-paste-liquidpro,,0.15
Akasa AK-TCW-03,https://pcpartpicker.com/product/nc6qqs/akasa-ak-tcw-03-5-g-thermal-paste-ak-tcw-03,19.51,5
be quiet! DC1,https://pcpartpicker.com/product/Jx92FT/be-quiet-dc1-3-g-thermal-paste-bz001,52,3
Thermal Hero ULTRA,https://pcpartpicker.com/product/ccBFf7/thermal-hero-ultra-4-g-thermal-paste-th-301304-us,12.22,4
Thermal Hero QUANTUM,https://pcpartpicker.com/product/JVfV3C/thermal-hero-quantum-2-g-thermal-paste-th-501702-us,7.82,2
Thermal Hero ULTRA,https://pcpartpicker.com/product/sJBFf7/thermal-hero-ultra-10-g-thermal-paste-th-301310-us,23.29,10
Zalman STC7,https://pcpartpicker.com/product/dDgrxr/zalman-stc7-4-g-thermal-paste-zm-stc7,,4
Thermal Hero METALLIQ,https://pcpartpicker.com/product/tJBFf7/thermal-hero-metalliq-2-g-thermal-paste-th-108002-us,26.68,2
Arctic Silver Ceramique 2 Tri-Linear,https://pcpartpicker.com/product/BZV48d/arctic-silver-thermal-paste-cmq225g,18.25,25
Prolimatech PK-1,https://pcpartpicker.com/product/7RrG3C/prolimatech-thermal-paste-propk15g,20.82,5
Prolimatech PK-2 Nano Aluminum High-Grade,https://pcpartpicker.com/product/9c9KHx/prolimatech-thermal-paste-propk215g,10.41,1.5
Gelid Solutions GC-Supreme,https://pcpartpicker.com/product/Hhh9TW/gelid-solutions-thermal-paste-tcgc04a,,7
Prolimatech PK-2 Nano Aluminum High-Grade,https://pcpartpicker.com/product/RKzv6h/prolimatech-thermal-paste-propk25g,20.51,5
ARCTIC MX-2,https://pcpartpicker.com/product/p8phP6/arctic-mx-2-30-g-thermal-paste-act-mx2-30g,,30
Coollaboratory Liquid Ultra,https://pcpartpicker.com/product/sB2kcf/coollaboratory-thermal-paste-900100264,,0.15
"Innovation Cooling Diamond ""7 Carat""",https://pcpartpicker.com/product/vGrG3C/innovation-cooling-thermal-paste-icd7c,,1.5
Antec 77064,https://pcpartpicker.com/product/mzKhP6/antec-thermal-paste-77064,,1
Deepcool Z3,https://pcpartpicker.com/product/pMPfrH/deepcool-thermal-paste-z3,,1.5
Thermalright TF8,https://pcpartpicker.com/product/pCwkcf/thermalright-tf8-58-g-thermal-paste-tf8-58g,,5.8
Thermalright TF8,https://pcpartpicker.com/product/HCwkcf/thermalright-tf8-2-g-thermal-paste-tf-8-2g,,2
Cooler Master IC ESSENTIAL E1,https://pcpartpicker.com/product/W4QfrH/cooler-master-ic-essential-e1-375-g-thermal-paste-rg-ice1-tg15-r1,,3.75
NZXT High-performance,https://pcpartpicker.com/product/jw4Ycf/nzxt-high-performance-3-g-thermal-paste-ba-tp003-01,,3
Gelid Solutions GC-4,https://pcpartpicker.com/product/CMFmP6/gelid-solutions-gc-4-10-g-thermal-paste-tc-gc-04-c,,10
Thermaltake TG-50,https://pcpartpicker.com/product/Y8fFf7/thermaltake-tg-50-4-g-thermal-paste-cl-o024-grosgm-a,,4
Scythe Thermal Elixer G,https://pcpartpicker.com/product/sXrqqs/scythe-thermal-elixer-g-35-g-thermal-paste-scteg-1000,19.95,3.5
Deepcool DM9,https://pcpartpicker.com/product/3yP8TW/deepcool-dm9-15-g-thermal-paste-r-dm9-gy015c-g,,1.5
Thermal Hero NEO,https://pcpartpicker.com/product/GfVfrH/thermal-hero-neo-4-g-thermal-paste-th-201204-us,19.99,4
Thermal Hero QUANTUM,https://pcpartpicker.com/product/PsMXsY/thermal-hero-quantum-1-g-thermal-paste-th-501701-us,6.86,1
Prolimatech PK-2 Nano Aluminum High-Grade,https://pcpartpicker.com/product/34H323/prolimatech-thermal-paste-propk230g,54.87,30
Masscool Stars-700,https://pcpartpicker.com/product/ZfXfrH/masscool-thermal-paste-stars700,10.99,0.5
Antec Formula 7 Nano Diamond,https://pcpartpicker.com/product/WtvRsY/antec-thermal-paste-formula7,,4
Cooler Master IceFusion,https://pcpartpicker.com/product/JbmLrH/cooler-master-thermal-paste-rgicfcwr2gp,,40
Gelid Solutions GC-Extreme,https://pcpartpicker.com/product/pGphP6/gelid-solutions-thermal-paste-tcgc0310g,,10
Masscool G751 Shin-Etsu,https://pcpartpicker.com/product/mDPfrH/masscool-thermal-paste-g751,,0.5
Syba CL-PTSL-COOL,https://pcpartpicker.com/product/knPfrH/syba-thermal-paste-clptslcool,13.23,1.5
Sunbeam GI-1,https://pcpartpicker.com/product/QDGkcf/sunbeam-thermal-paste-gi1,,3.5
Thermaltake CL-O001-GROSGM-A,https://pcpartpicker.com/product/TBsKHx/thermaltake-thermal-paste-clo001grosgma,,1.5
Prolimatech PK-Zero,https://pcpartpicker.com/product/3K4NnQ/prolimatech-thermal-paste-propkzero30g,,30
Cooler Master MasterGel Maker,https://pcpartpicker.com/product/zjH8TW/cooler-master-mastergel-maker-15-g-thermal-paste-mastergel-maker,,1.5
Thermalright TFX,https://pcpartpicker.com/product/XDwkcf/thermalright-tfx-62-g-thermal-paste-tfx-62,,6.2
ARCTIC MX-5,https://pcpartpicker.com/product/TBZ9TW/arctic-mx-5-20-g-thermal-paste-actcp00057a,,20
Iceberg Thermal FUZEIce,https://pcpartpicker.com/product/Ksstt6/iceberg-thermal-fuzeice-35-g-thermal-paste-blackice4g-00a,,3.5
Iceberg Thermal FUZEIce Plus,https://pcpartpicker.com/product/3WPQzy/iceberg-thermal-fuzeice-plus-7-g-thermal-paste-blackicep8g-00a,,7
Gelid Solutions GC-4,https://pcpartpicker.com/product/DmLdnQ/gelid-solutions-gc-4-35-g-thermal-paste-tc-gc-04-b,,3.5
ARCTIC MX-2,https://pcpartpicker.com/product/2JJmP6/arctic-mx-2-8-g-thermal-paste-actcp00004b,,8
YEYIAN YCT-PHTC-01,https://pcpartpicker.com/product/fDsV3C/yeyian-yct-phtc-01-2-g-thermal-paste-yct-phtc-01,,2
Deepcool DM9,https://pcpartpicker.com/product/RvyH99/deepcool-dm9-4-g-thermal-paste-r-dm9-gy040c-g,,4
Xilence ZUB-XPTP.X5,https://pcpartpicker.com/product/s2dG3C/xilence-zub-xptpx5-3-g-thermal-paste-xz019,30.57,3
Thermal Hero NEO,https://pcpartpicker.com/product/D8Pv6h/thermal-hero-neo-50-g-thermal-paste-th-201250-us,47.94,50
Thermal Hero METALLIQ,https://pcpartpicker.com/product/pby8TW/thermal-hero-metalliq-1-g-thermal-paste-th-108001-us,19.98,1
Prolimatech PK-Zero,https://pcpartpicker.com/product/FBZ2FT/prolimatech-thermal-paste-propkzero5g,13.99,5
Antec Formula 6 Nano Diamond,https://pcpartpicker.com/product/PVxfrH/antec-thermal-paste-formula6,,4
Arctic Silver Arctic Alumina Premium Ceramic Polysynthetic,https://pcpartpicker.com/product/f94gXL/arctic-silver-thermal-paste-aa175g,,1.75
Arctic Silver Arctic Alumina Premium Ceramic Polysynthetic,https://pcpartpicker.com/product/n7tCmG/arctic-silver-thermal-paste-aa14g,,14
Zalman ZM - STG1,https://pcpartpicker.com/product/x6Gkcf/zalman-thermal-paste-zmstg1,,3.5
TUNIQ TX-4 Extreme Performance,https://pcpartpicker.com/product/28phP6/tuniq-thermal-paste-tx4,,1
Evercool TC-25,https://pcpartpicker.com/product/mgvRsY/evercool-thermal-paste-tc25,,25
Cooler Master ThermalFusion 400,https://pcpartpicker.com/product/XvBv6h/cooler-master-thermal-paste-rgtf4tgu1gp,,4
TUNIQ TX-2,https://pcpartpicker.com/product/kJJwrH/tuniq-thermal-paste-tx2,,3.5
Zalman ZM-STG2,https://pcpartpicker.com/product/8Mzv6h/zalman-thermal-paste-zmstg2,,3.5
Xigmatek PTI-G4512,https://pcpartpicker.com/product/MvBv6h/xigmatek-thermal-paste-ptig4512,,4
TUNIQ TX-2 Extreme,https://pcpartpicker.com/product/rvBv6h/tuniq-thermal-paste-tx2ex,,1
Rosewill RCX-TC001,https://pcpartpicker.com/product/RvBv6h/rosewill-thermal-paste-rcxtc001,,5
Masscool Fanner-420,https://pcpartpicker.com/product/YHPfrH/masscool-thermal-paste-fanner420,,2
Arctic Silver Arctic Alumina,https://pcpartpicker.com/product/4nPfrH/arctic-silver-thermal-paste-aata5g,,5
Rosewill RCX-TC090PRO,https://pcpartpicker.com/product/9T6BD3/rosewill-thermal-paste-rcxtc090pro,,20
Xigmatek PTI-G3606,https://pcpartpicker.com/product/7YMFf7/xigmatek-thermal-paste-ptig3606,,3
Biostar TC-DIAMOND,https://pcpartpicker.com/product/V3h9TW/biostar-thermal-paste-tcdiamond,,1.5
Thermaltake CL-O0028,https://pcpartpicker.com/product/RPw323/thermaltake-thermal-paste-clo0028,,4
Xigmatek Freezing Point G4718,https://pcpartpicker.com/product/2nbp99/xigmatek-thermal-paste-freezingpointg4718,,4
Evercool STC-01,https://pcpartpicker.com/product/4Mzv6h/evercool-thermal-paste-stc01,,4
Prolimatech PK-1,https://pcpartpicker.com/product/48fp99/prolimatech-thermal-paste-propk115g,,1.5
Thermene Graphene,https://pcpartpicker.com/product/RJFPxr/thermene-thermal-paste-t23ml,,9
Deepcool Z9,https://pcpartpicker.com/product/cj8Zxr/deepcool-thermal-paste-z9,,3
Evercool STC-02,https://pcpartpicker.com/product/xRs8TW/evercool-thermal-paste-stc02,,3
Logisys Z5,https://pcpartpicker.com/product/wW2kcf/logisys-thermal-paste-z5,,3
Thermaltake CLZ0022,https://pcpartpicker.com/product/qQ8Zxr/thermaltake-thermal-paste-clz0022,,4
Xigmatek Freezing Point G4718,https://pcpartpicker.com/product/xMnG3C/xigmatek-thermal-paste-freezingpoint,,4
Cooler Master Extreme Fusion X1,https://pcpartpicker.com/product/jWX2FT/cooler-master-thermal-paste-rgefx1tg15r1,,1.5
Prolimatech PK-Zero,https://pcpartpicker.com/product/QTCrxr/prolimatech-thermal-paste-propkzero15g,,1.5
Cooler Master MasterGel Maker,https://pcpartpicker.com/product/f2VBD3/cooler-master-thermal-paste-mgzndsgn15mr1,,4
CRYORIG CP15,https://pcpartpicker.com/product/TXyxFT/cryorig-thermal-paste-cp15,,4
CRYORIG CP5,https://pcpartpicker.com/product/zzfmP6/cryorig-thermal-paste-cp5,,4
CRYORIG CP7,https://pcpartpicker.com/product/BNcMnQ/cryorig-thermal-paste-cp7,,4
Innovation Cooling ICD24,https://pcpartpicker.com/product/Zk98TW/innovation-cooling-thermal-paste-icd24,,4.8
Thermalright Chill Factor 3,https://pcpartpicker.com/product/dXkwrH/thermalright-chill-factor-3-4g-thermal-paste-chill-factor-3,,4
Phanteks PH-NDC_02,https://pcpartpicker.com/product/PCzZxr/phanteks-ph-ndc_02-2g-thermal-paste-ph-ndc_02,,2
Graphitene GTP-5,https://pcpartpicker.com/product/w8hKHx/graphitene-gtp-5-35-g-thermal-paste-gtp-5,,3.5
Gelid Solutions GC-2,https://pcpartpicker.com/product/RRbwrH/gelid-solutions-gc-2-7-g-thermal-paste-gc-2,,7
ARCTIC MX-2,https://pcpartpicker.com/product/Rx6qqs/arctic-mx-2-30-g-thermal-paste-actcp00003b,,30
ARCTIC MX-2,https://pcpartpicker.com/product/9dmFf7/arctic-mx-2-65-g-thermal-paste-actcp00006b,,65
Cooler Master MasterGel Regular,https://pcpartpicker.com/product/BWtKHx/cooler-master-mastergel-regular-15-g-thermal-paste-matergel-regular,,1.5
Thermalright Silver King,https://pcpartpicker.com/product/prqBD3/thermalright-silver-king-1-g-thermal-paste-sk1g,,1
Cooler Master MasterGel Pro,https://pcpartpicker.com/product/dhJmP6/cooler-master-mastergel-pro-15-g-thermal-paste-mgy-zosg-n15m-r2,,1.5
ARCTIC MX-2 2019 Edition,https://pcpartpicker.com/product/bfFKHx/arctic-mx-2-2019-edition-4-g-thermal-paste-actcp00005b,,4
NOX Thermal 880,https://pcpartpicker.com/product/Gj3mP6/nox-thermal-880-23-g-thermal-paste-nxhummert880,,23
ARCTIC MX-5,https://pcpartpicker.com/product/bXvdnQ/arctic-mx-5-2-g-thermal-paste-actcp00051a,,2
ARCTIC MX-5 Incl. Spatula,https://pcpartpicker.com/product/WDxRsY/arctic-mx-5-incl-spatula-2-g-thermal-paste-actcp00052a,,2
ARCTIC MX-5 Incl. Spatula,https://pcpartpicker.com/product/jykWGX/arctic-mx-5-incl-spatula-4-g-thermal-paste-actcp00054a,,4
ARCTIC MX-5,https://pcpartpicker.com/product/zYH7YJ/arctic-mx-5-8-g-thermal-paste-actcp00055a,,8
ARCTIC MX-5 Incl. Spatula,https://pcpartpicker.com/product/Bb8bt6/arctic-mx-5-incl-spatula-8-g-thermal-paste-actcp00056a,,8
ARCTIC MX-5 Incl. Spatula,https://pcpartpicker.com/product/ZRkWGX/arctic-mx-5-incl-spatula-20-g-thermal-paste-actcp00058a,,20
EK EK-TIM Ectotherm,https://pcpartpicker.com/product/tFGbt6/ek-ek-tim-ectotherm-5-g-thermal-paste-3830046998453,,5
Iceberg Thermal FUZEIce,https://pcpartpicker.com/product/QKGbt6/iceberg-thermal-fuzeice-7-g-thermal-paste-blackice8g-00a,,7
Iceberg Thermal FUZEIce Plus,https://pcpartpicker.com/product/FCt9TW/iceberg-thermal-fuzeice-plus-35-g-thermal-paste-blackicep4g-00a,,3.5
Gelid Solutions GC-4,https://pcpartpicker.com/product/wCwmP6/gelid-solutions-gc-4-1-g-thermal-paste-tc-gc-04-a-1,,1
Gelid Solutions GC-Extreme,https://pcpartpicker.com/product/cyFmP6/gelid-solutions-gc-extreme-1-g-thermal-paste-tc-gc-03-d,,1
Gelid Solutions GC-Extreme,https://pcpartpicker.com/product/svRwrH/gelid-solutions-gc-extreme-35-g-thermal-paste-tc-gc-03-a-3-5g,,3.5
Gelid Solutions GC-Extreme,https://pcpartpicker.com/product/yLyH99/gelid-solutions-gc-extreme-10-g-thermal-paste-tc-gc-03-02,,10
Deepcool EX750,https://pcpartpicker.com/product/VfBG3C/deepcool-ex750-3-g-thermal-paste-ex7503g,,3
Deepcool EX750,https://pcpartpicker.com/product/m2C48d/deepcool-ex750-5-g-thermal-paste-ex7505g,,5
Enermax ETC521,https://pcpartpicker.com/product/3QXYcf/enermax-etc521-3-g-thermal-paste-etc521,,3
Thermalright TF8 EX,https://pcpartpicker.com/product/8NmNnQ/thermalright-tf8-ex-15-g-thermal-paste-tf8-ex-15g,,1.5
Thermalright TF8 EX,https://pcpartpicker.com/product/x3DQzy/thermalright-tf8-ex-29-g-thermal-paste-tf8-ex-29g,,2.9
Scythe Thermal Elixer 2,https://pcpartpicker.com/product/y4fxFT/scythe-thermal-elixer-2-5-g-thermal-paste-scte-2000,9.99,5
Zalman STC8,https://pcpartpicker.com/product/PVKscf/zalman-stc8-15-g-thermal-paste-zm-stc8,,1.5
Thermal Hero NEO,https://pcpartpicker.com/product/LDnXsY/thermal-hero-neo-2-g-thermal-paste-th-201202-us,,2
Thermal Hero NEO,https://pcpartpicker.com/product/M8Pv6h/thermal-hero-neo-10-g-thermal-paste-th-201210-us,16.89,10
Thermal Hero ULTRA,https://pcpartpicker.com/product/Cy8Pxr/thermal-hero-ultra-2-g-thermal-paste-th-301302-us,13.99,2
Thermal Hero QUANTUM with paste gun,https://pcpartpicker.com/product/hqNscf/thermal-hero-quantum-with-paste-gun-50-g-thermal-paste-th-501750g-us,,50
